-- CLIP MESSAGGIO STREAMER VIEWER ACCOUNT SPONSOR MODERATORE CATEGORIA PRODOTTO SPONSORIZZA STREAM MODERATODA 





-- INSERIMENTI NELLA TABELLA ACCOUNT
INSERT INTO accountuser(username, nome, cognome, email, passw, datanascita, nazionalita)
VALUES
(
'uaxelby0', 'Ulric', 'Axelby', 'uaxelby0@opensource.org', '1zc8jq0LBAFF', '1997-12-21', 'Irlanda'
);
INSERT INTO accountuser(username, nome, cognome, email, passw, datanascita, nazionalita)
VALUES
(
'mgretham1', 'Minerva', 'Gretham', 'mgretham1@scientificamerican.com', 'GretKQ', '1996-10-29', 'Germania'
);
INSERT INTO accountuser(username, nome, cognome, email, passw, datanascita, nazionalita)
VALUES
(
'kmacwhirter2', 'Kaiser', 'MacWhirter', 'kmacwhirter2@reddit.com', 's9pz6GD', '1989-09-06', 'Russia'
);
INSERT INTO accountuser(username, nome, cognome, email, passw, datanascita, nazionalita)
VALUES
(
'obrompton3', 'Olva', 'Brompton', 'obrompton3@geocities.jp', 'iehPqIKteUxP', '1982-08-08', 'Irlanda'
);
INSERT INTO accountuser(username, nome, cognome, email, passw, datanascita, nazionalita)
VALUES
(
'bjovovic4', 'Bidget', 'Jovovic', 'bjovovic4@europa.eu', 'OR0Sm79n', '1998-11-13', 'Italia'
);
INSERT INTO accountuser(username, nome, cognome, email, passw, datanascita, nazionalita)
VALUES
(
'sthatcham5', 'Skyler', 'Thatcham', 'sthatcham5@timesonline.co.uk', 'vPdq0LrEE', '1975-03-02', 'Francia'
);
INSERT INTO accountuser(username, nome, cognome, email, passw, datanascita, nazionalita)
VALUES
(
'rquinn6', 'Robyn', 'Quinn', 'rquinn6@marriott.com', '2cFlnzI', '1981-07-31', 'Spagna'
);
INSERT INTO accountuser(username, nome, cognome, email, passw, datanascita, nazionalita)
VALUES
(
'jhebburn7', 'Josefina', 'Hebburn', 'jhebburn7@technorati.com', 'YOh1xeTW', '1974-10-24', 'Irlanda'
);
INSERT INTO accountuser(username, nome, cognome, email, passw, datanascita, nazionalita)
VALUES
(
'dblayd8', 'Dynah', 'Blayd', 'dblayd8@msu.edu', 'c9u5ZcGg', '1985-06-30', 'Germania'
);
INSERT INTO accountuser(username, nome, cognome, email, passw, datanascita, nazionalita)
VALUES
(
'mdawley9', 'Merrill', 'Dawley', 'mdawley9@bloglines.com', 'TjaIx0g3', '1996-01-10', 'Francia'
);

INSERT INTO accountuser(username, nome, cognome, email, passw, datanascita, nazionalita)
VALUES
(
'lredgrovea', 'Lesli', 'Redgrove', 'lredgrovea@engadget.com', 'W7RXEGd93r', '1979-11-10', 'Spagna'
);
INSERT INTO accountuser(username, nome, cognome, email, passw, datanascita, nazionalita)
VALUES
(
'bkelmereb', 'Burlie', 'Kelmere', 'bkelmereb@gravatar.com', '8sInOndE', '1997-04-10', 'Portogallo'
);
INSERT INTO accountuser(username, nome, cognome, email, passw, datanascita, nazionalita)
VALUES
(
'mmeakec', 'Maribel', 'Meake', 'mmeakec@e-recht24.de', 'vjYm7jKFxn', '1988-08-16', 'Germania'
);
INSERT INTO accountuser(username, nome, cognome, email, passw, datanascita, nazionalita)
VALUES
(
'scoringtond', 'Silvanus', 'Corington', 'scoringtond@arizona.edu', 'fsxR5yQEpC', '1980-02-01', 'Germania'
);
INSERT INTO accountuser(username, nome, cognome, email, passw, datanascita, nazionalita)
VALUES
(
'mlacknere', 'Margaretta', 'Lackner', 'mlacknere@1und1.de', 'HWsZcHf', '1980-03-02', 'Francia'
);
INSERT INTO accountuser(username, nome, cognome, email, passw, datanascita, nazionalita)
VALUES
(
'jalwellf', 'Johna', 'Alwell', 'jalwellf@ezinearticles.com', 'vSytSb', '1997-07-16', 'Russia'
);
INSERT INTO accountuser(username, nome, cognome, email, passw, datanascita, nazionalita)
VALUES
(
'vpurtellg', 'Venita', 'Purtell', 'vpurtellg@typepad.com', '0bHLARhrs', '1970-04-20', 'Polonia'
);
INSERT INTO accountuser(username, nome, cognome, email, passw, datanascita, nazionalita)
VALUES
(
'hkendredh', 'Hilton', 'Kendred', 'hkendredh@spotify.com', 'bmA09uJ', '1971-02-20', 'Germania'
);
INSERT INTO accountuser(username, nome, cognome, email, passw, datanascita, nazionalita)
VALUES
(
'jdrummeri', 'Jana', 'Drummer', 'jdrummeri@mozilla.com', 'NtQSL9UJDtH', '1982-04-15', 'Italia'
);
INSERT INTO accountuser(username, nome, cognome, email, passw, datanascita, nazionalita)
VALUES
(
'gscownj', 'Gustaf', 'Scown', 'gscownj@shareasle.com', 's4feHJ', '1989-09-30', 'Francia'
);




-- INSERIMENTI NELLA TABELLA VIEWER
INSERT INTO viewer(username, oreguardate) 
VALUES
(
'uaxelby0', 279
);
INSERT INTO viewer(username, oreguardate)
VALUES
(
'mgretham1', 43
);
INSERT INTO viewer(username, oreguardate)
VALUES
(
'kmacwhirter2', 298
);
INSERT INTO viewer(username, oreguardate)
VALUES
(
'obrompton3', 190
);
INSERT INTO viewer(username, oreguardate)
VALUES
(
'bjovovic4', 43
);
INSERT INTO viewer(username, oreguardate)
VALUES
(
'sthatcham5', 248
);
INSERT INTO viewer(username, oreguardate)
VALUES
(
'rquinn6', 257
);
INSERT INTO viewer(username, oreguardate)
VALUES
(
'jhebburn7', 134
);
INSERT INTO viewer(username, oreguardate)
VALUES
(
'dblayd8', 126
);
INSERT INTO viewer(username, oreguardate)
VALUES
(
'mdawley9', 181
);
INSERT INTO viewer(username, oreguardate)
VALUES
(
'lredgrovea', 180
);
INSERT INTO viewer(username, oreguardate)
VALUES
(
'bkelmereb', 17
);
INSERT INTO viewer(username, oreguardate)
VALUES
(
'mmeakec', 1
);
INSERT INTO viewer(username, oreguardate)
VALUES
(
'scoringtond', 252
);
INSERT INTO viewer(username, oreguardate)
VALUES
(
'mlacknere', 12
);
INSERT INTO viewer(username, oreguardate)
VALUES
(
'jalwellf', 235
);
INSERT INTO viewer(username, oreguardate)
VALUES
(
'vpurtellg', 236
);
INSERT INTO viewer(username, oreguardate)
VALUES
(
'hkendredh', 250
);
INSERT INTO viewer(username, oreguardate)
VALUES
(
'jdrummeri', 278
);
INSERT INTO viewer(username, oreguardate)
VALUES
(
'gscownj', 146
);




-- INSERIMENTO STREAMER

INSERT INTO streamer(username, visualizzazionitotali)
VALUES
(
'obrompton3', 885
);
INSERT INTO streamer(username, visualizzazionitotali)
VALUES
(
'sthatcham5', 1222
);
INSERT INTO streamer(username, visualizzazionitotali)
VALUES
(
'rquinn6', 694
);
INSERT INTO streamer(username, visualizzazionitotali)
VALUES
(
'jhebburn7', 174
);
INSERT INTO streamer(username, visualizzazionitotali)
VALUES
(
'mmeakec', 157
);
INSERT INTO streamer(username, visualizzazionitotali)
VALUES
(
'scoringtond', 1126
);
INSERT INTO streamer(username, visualizzazionitotali)
VALUES
(
'mlacknere', 1010
);
INSERT INTO streamer(username, visualizzazionitotali)
VALUES
(
'jalwellf', 554
);
INSERT INTO streamer(username, visualizzazionitotali)
VALUES
(
'jdrummeri', 618
);
INSERT INTO streamer(username, visualizzazionitotali)
VALUES
(
'gscownj', 346
);




-- INSERIMENTO TABELLA CATEGORIA



INSERT INTO categoria(nome, descrizione)
VALUES
(
'IRL', 'Situazioni di vita reale'
);
INSERT INTO categoria(nome, descrizione)
VALUES
(
'Cooking', 'Cucina'
);
INSERT INTO categoria(nome, descrizione)
VALUES
(
'Fortnite', 'Battle Royale online'
);
INSERT INTO categoria(nome, descrizione)
VALUES
(
'LoL', 'MOBA '
);
INSERT INTO categoria(nome, descrizione)
VALUES
(
'CS', 'Sparatutto multiplayer online'
);
INSERT INTO categoria(nome, descrizione)
VALUES
(
'Travel', 'Viaggi in tutto il mondo'
);
INSERT INTO categoria(nome, descrizione)
VALUES
(
'DarkSouls', 'RPG'
);
INSERT INTO categoria(nome, descrizione)
VALUES
(
'Sport', 'Attività sportive'
);
INSERT INTO categoria(nome, descrizione)
VALUES
(
'Hearthstone', 'Gioco di carte collezionabili'
);
INSERT INTO categoria(nome, descrizione)
VALUES
(
'Minecraft', ' Survival RPG'
);






-- INSERIMENTO TABELLA STREAM

INSERT INTO stream(urlStream, nome, durata, lingua, usernameStreamer, nomecategoria)
VALUES
(
'http://streamplat.com/Iu28n3M', 'wasd', 1, 'EN', 'obrompton3','LoL'
);

/* INSERT QUERY NO: 2 */
INSERT INTO stream(urlStream, nome, durata, lingua, usernameStreamer, nomecategoria)
VALUES
(
'http://streamplat.com/UNrHjQkz', 'rofl', 48, 'EN', 'sthatcham5','LoL'
);

/* INSERT QUERY NO: 3 */
INSERT INTO stream(urlStream, nome, durata, lingua, usernameStreamer, nomecategoria)
VALUES
(
'http://streamplat.com/XqRMET', 'lmao', 1, 'EN', 'rquinn6','Fortnite'
);

/* INSERT QUERY NO: 4 */
INSERT INTO stream(urlStream, nome, durata, lingua, usernameStreamer, nomecategoria)
VALUES
(
'http://streamplat.com/BWsARtm', 'kek', 58, 'IT', 'jhebburn7','Cooking'
);

/* INSERT QUERY NO: 5 */
INSERT INTO stream(urlStream, nome, durata, lingua, usernameStreamer, nomecategoria)
VALUES
(
'http://streamplat.com/wPUOlL8nscQo', 'sos', 54, 'EN', 'mmeakec','IRL'
);

/* INSERT QUERY NO: 6 */
INSERT INTO stream(urlStream, nome, durata, lingua, usernameStreamer, nomecategoria)
VALUES
(
'http://streamplat.com/MRNSu9', 'woah', 54, 'FR', 'scoringtond','Travel'
);

/* INSERT QUERY NO: 7 */
INSERT INTO stream(urlStream, nome, durata, lingua, usernameStreamer, nomecategoria)
VALUES
(
'http://streamplat.com/Dc5o3b1S9', 'yah', 10, 'FR', 'mlacknere','Minecraft'
);

/* INSERT QUERY NO: 8 */
INSERT INTO stream(urlStream, nome, durata, lingua, usernameStreamer, nomecategoria)
VALUES
(
'http://streamplat.com/SF7yUGrD', 'nope', 49, 'IT', 'jalwellf','LoL'
);

/* INSERT QUERY NO: 9 */
INSERT INTO stream(urlStream, nome, durata, lingua, usernameStreamer, nomecategoria)
VALUES
(
'http://streamplat.com/rSmYvXu', 'np', 42, 'EN', 'jdrummeri','LoL'
);

/* INSERT QUERY NO: 10 */
INSERT INTO stream(urlStream, nome, durata, lingua, usernameStreamer, nomecategoria)
VALUES
(
'http://streamplat.com/KJMGT29zamVu', 'lol', 3, 'EN', 'gscownj','IRL'
);

/* INSERT QUERY NO: 11 */
INSERT INTO stream(urlStream, nome, durata, lingua, usernameStreamer, nomecategoria)
VALUES
(
'http://streamplat.com/lKm6ZyyBHTlw', 'wa', 56, 'GER', 'obrompton3','IRL'
);

/* INSERT QUERY NO: 12 */
INSERT INTO stream(urlStream, nome, durata, lingua, usernameStreamer, nomecategoria)
VALUES
(
'http://streamplat.com/qIDfpBF', 'ye', 9, 'GER', 'sthatcham5','Sport'
);

/* INSERT QUERY NO: 13 */
INSERT INTO stream(urlStream, nome, durata, lingua, usernameStreamer, nomecategoria)
VALUES
(
'http://streamplat.com/MMQhYo6uatO', 'no', 23, 'FR', 'rquinn6','Cooking'
);

/* INSERT QUERY NO: 14 */
INSERT INTO stream(urlStream, nome, durata, lingua, usernameStreamer, nomecategoria)
VALUES
(
'http://streamplat.com/t7f21eR4dgz', 'yep', 10, 'IT', 'jhebburn7','IRL'
);

/* INSERT QUERY NO: 15 */
INSERT INTO stream(urlStream, nome, durata, lingua, usernameStreamer, nomecategoria)
VALUES
(
'http://streamplat.com/tD4KE5EoO', 'yay', 17, 'EN', 'mmeakec','Travel'
);

/* INSERT QUERY NO: 16 */
INSERT INTO stream(urlStream, nome, durata, lingua, usernameStreamer, nomecategoria)
VALUES
(
'http://streamplat.com/hJrvT2R', 'oof', 57, 'EN', 'scoringtond','LoL'
);

/* INSERT QUERY NO: 17 */
INSERT INTO stream(urlStream, nome, durata, lingua, usernameStreamer, nomecategoria)
VALUES
(
'http://streamplat.com/7lkT8vogfS', 'asd', 23, 'EN', 'mlacknere','IRL'
);

/* INSERT QUERY NO: 18 */
INSERT INTO stream(urlStream, nome, durata, lingua, usernameStreamer, nomecategoria)
VALUES
(
'http://streamplat.com/a0eXFbbRske5', 'k', 37, 'POL', 'jalwellf','Cooking'
);

/* INSERT QUERY NO: 19 */
INSERT INTO stream(urlStream, nome, durata, lingua, usernameStreamer, nomecategoria)
VALUES
(
'http://streamplat.com/BGQXCF', 'bro', 25, 'RUS', 'jdrummeri','Travel'
);

/* INSERT QUERY NO: 20 */
INSERT INTO stream(urlStream, nome, durata, lingua, usernameStreamer, nomecategoria)
VALUES
(
'http://streamplat.com/ZDPUgNFFfJ', 'gg', 58, 'IT', 'gscownj','IRL'
);

INSERT INTO stream(urlStream, nome, durata, lingua, usernameStreamer, nomecategoria)
VALUES
(
'http://streamplat.com/akJ8a8F1', 'stream', 34, 'EN', 'mlacknere','LoL'
);


-- INSERIMENTO NELLA TABELLA SPONSOR


INSERT INTO sponsor(nome, partitaIva, percentualeTrattenuta)
VALUES
(
'Amazon', 'IT092378129','6'
);
INSERT INTO sponsor(nome, partitaIva, percentualeTrattenuta)
VALUES
(
'HP', 'IT298546709','4'
);
INSERT INTO sponsor(nome, partitaIva, percentualeTrattenuta)
VALUES
(
'Logitech', 'IT462879413','5'
);
INSERT INTO sponsor(nome, partitaIva, percentualeTrattenuta)
VALUES
(
'Razer', 'IT763209715','8'
);

-- INSERIMENTO NELLA TABELLA MOD

INSERT INTO moderatore(username, nome, cognome, valutazione)
VALUES
(
'bestmod', 'Giovanni','Limone','4'
);
INSERT INTO moderatore(username, nome, cognome, valutazione)
VALUES
(
'evenbettermod', 'Luca','Nige','1'
);




-- INSERIMENTO TABELLA MESSAGGIOINCHAT



/* INSERT QUERY NO: 1 */
INSERT INTO messaggioinchat(codice, testo, minutoInvio, username, urlStream)
VALUES
(
1, 'Donec dapibus.', 17, 'jalwellf', 'http://streamplat.com/Iu28n3M'
);

/* INSERT QUERY NO: 2 */
INSERT INTO messaggioinchat(codice, testo, minutoInvio, username, urlStream)
VALUES
(
2, 'Curabitur in libero ut massa volutpat convallis.', 21, 'bkelmereb', 'http://streamplat.com/UNrHjQkz'
);

/* INSERT QUERY NO: 3 */
INSERT INTO messaggioinchat(codice, testo, minutoInvio, username, urlStream)
VALUES
(
3, 'Donec posuere metus vitae ipsum.', 52, 'rquinn6', 'http://streamplat.com/XqRMET'
);

/* INSERT QUERY NO: 4 */
INSERT INTO messaggioinchat(codice, testo, minutoInvio, username, urlStream)
VALUES
(
4, 'Integer ac leo.', 55, 'lredgrovea', 'http://streamplat.com/BWsARtm'
);

/* INSERT QUERY NO: 5 */
INSERT INTO messaggioinchat(codice, testo, minutoInvio, username, urlStream)
VALUES
(
5, 'Vestibulum ac est lacinia nisi venenatis tristique.', 43, 'jalwellf', 'http://streamplat.com/wPUOlL8nscQo'
);

/* INSERT QUERY NO: 6 */
INSERT INTO messaggioinchat(codice, testo, minutoInvio, username, urlStream)
VALUES
(
6, '"Vestibulum quam sapien', 28, 'jalwellf', 'http://streamplat.com/Dc5o3b1S9'
);

/* INSERT QUERY NO: 7 */
INSERT INTO messaggioinchat(codice, testo, minutoInvio, username, urlStream)
VALUES
(
7, 'Duis mattis egestas metus.', 31, 'jalwellf', 'http://streamplat.com/Dc5o3b1S9'
);

/* INSERT QUERY NO: 8 */
INSERT INTO messaggioinchat(codice, testo, minutoInvio, username, urlStream)
VALUES
(
8, '"Donec odio justo', 4,  'jalwellf', 'http://streamplat.com/Dc5o3b1S9'
);

/* INSERT QUERY NO: 9 */
INSERT INTO messaggioinchat(codice, testo, minutoInvio, username, urlStream)
VALUES
(
9, 'Nullam varius.', 55, 'vpurtellg', 'http://streamplat.com/rSmYvXu'
);

/* INSERT QUERY NO: 10 */
INSERT INTO messaggioinchat(codice, testo, minutoInvio, username, urlStream)
VALUES
(
10, '"Maecenas tristique',55, 'vpurtellg', 'http://streamplat.com/rSmYvXu'
);

/* INSERT QUERY NO: 11 */
INSERT INTO messaggioinchat(codice, testo, minutoInvio, username, urlStream)
VALUES
(
11, 'Sed sagittis.', 53, 'scoringtond', 'http://streamplat.com/lKm6ZyyBHTlw'
);

/* INSERT QUERY NO: 12 */
INSERT INTO messaggioinchat(codice, testo, minutoInvio, username, urlStream)
VALUES
(
12, '"Cum sociis natoque penatibus et magnis dis parturient montes', 3, 'scoringtond', 'http://streamplat.com/lKm6ZyyBHTlw'
);

/* INSERT QUERY NO: 13 */
INSERT INTO messaggioinchat(codice, testo, minutoInvio, username, urlStream)
VALUES
(
13, 'Mauris sit amet eros.', 51, 'sthatcham5', 'http://streamplat.com/MMQhYo6uatO'
);

/* INSERT QUERY NO: 14 */
INSERT INTO messaggioinchat(codice, testo, minutoInvio, username, urlStream)
VALUES
(
14, 'Duis aliquam convallis nunc.', 4, 'mlacknere', 'http://streamplat.com/t7f21eR4dgz'
);

/* INSERT QUERY NO: 15 */
INSERT INTO messaggioinchat(codice, testo, minutoInvio, username, urlStream)
VALUES
(
15, 'Vivamus vel nulla eget eros elementum pellentesque.', 47, 'dblayd8', 'http://streamplat.com/tD4KE5EoO'
);

/* INSERT QUERY NO: 16 */
INSERT INTO messaggioinchat(codice, testo, minutoInvio, username, urlStream)
VALUES
(
16, '"Proin leo odio', 7, 'dblayd8', 'http://streamplat.com/tD4KE5EoO'
);

/* INSERT QUERY NO: 17 */
INSERT INTO messaggioinchat(codice, testo, minutoInvio, username, urlStream)
VALUES
(
17, 'Vestibulum rutrum rutrum neque.', 13, 'rquinn6', 'http://streamplat.com/7lkT8vogfS'
);

/* INSERT QUERY NO: 18 */
INSERT INTO messaggioinchat(codice, testo, minutoInvio, username, urlStream)
VALUES
(
18, 'Pellentesque eget nunc.', 31, 'rquinn6', 'http://streamplat.com/a0eXFbbRske5'
);

/* INSERT QUERY NO: 19 */
INSERT INTO messaggioinchat(codice, testo, minutoInvio, username, urlStream)
VALUES
(
19, 'Vestibulum ante ipsum primis in faucibus orci luctus et ultrices posuere cubilia Curae; Duis faucibus accumsan odio.', 29, 'uaxelby0', 'http://streamplat.com/BGQXCF'
);

/* INSERT QUERY NO: 20 */
INSERT INTO messaggioinchat(codice, testo, minutoInvio, username, urlStream)
VALUES
(
20, 'Integer tincidunt ante vel ipsum.', 32, 'uaxelby0', 'http://streamplat.com/ZDPUgNFFfJ'
);

/* INSERT QUERY NO: 21 */
INSERT INTO messaggioinchat(codice, testo, minutoInvio, username, urlStream)
VALUES
(
21, '"Nulla neque libero', 2, 'uaxelby0', 'http://streamplat.com/ZDPUgNFFfJ'
);

/* INSERT QUERY NO: 22 */
INSERT INTO messaggioinchat(codice, testo, minutoInvio, username, urlStream)
VALUES
(
22, 'Morbi a ipsum.', 24, 'kmacwhirter2', 'http://streamplat.com/UNrHjQkz'
);

/* INSERT QUERY NO: 23 */
INSERT INTO messaggioinchat(codice, testo, minutoInvio, username, urlStream)
VALUES
(
23, '"Lorem ipsum dolor sit amet', 2, 'uaxelby0', 'http://streamplat.com/ZDPUgNFFfJ'
);

/* INSERT QUERY NO: 24 */
INSERT INTO messaggioinchat(codice, testo, minutoInvio, username, urlStream)
VALUES
(
24, 'Nulla facilisi.', 12, 'bjovovic4', 'http://streamplat.com/BWsARtm'
);

/* INSERT QUERY NO: 25 */
INSERT INTO messaggioinchat(codice, testo, minutoInvio, username, urlStream)
VALUES
(
25, 'Curabitur at ipsum ac tellus semper interdum.', 50, 'vpurtellg', 'http://streamplat.com/wPUOlL8nscQo'
);

/* INSERT QUERY NO: 26 */
INSERT INTO messaggioinchat(codice, testo, minutoInvio, username, urlStream)
VALUES
(
26, 'Proin risus.', 9, 'jalwellf', 'http://streamplat.com/MRNSu9'
);

/* INSERT QUERY NO: 27 */
INSERT INTO messaggioinchat(codice, testo, minutoInvio, username, urlStream)
VALUES
(
27, 'Duis ac nibh.', 8, 'hkendredh', 'http://streamplat.com/Dc5o3b1S9'
);

/* INSERT QUERY NO: 28 */
INSERT INTO messaggioinchat(codice, testo, minutoInvio, username, urlStream)
VALUES
(
28, 'Praesent id massa id nisl venenatis lacinia.', 32, 'lredgrovea', 'http://streamplat.com/SF7yUGrD'
);

/* INSERT QUERY NO: 29 */
INSERT INTO messaggioinchat(codice, testo, minutoInvio, username, urlStream)
VALUES
(
29, '"Morbi vestibulum', 2, 'lredgrovea', 'http://streamplat.com/SF7yUGrD'
);

/* INSERT QUERY NO: 30 */
INSERT INTO messaggioinchat(codice, testo, minutoInvio, username, urlStream)
VALUES
(
30, 'Phasellus id sapien in sapien iaculis congue.', 16, 'hkendredh', 'http://streamplat.com/KJMGT29zamVu'
);

/* INSERT QUERY NO: 31 */
INSERT INTO messaggioinchat(codice, testo, minutoInvio, username, urlStream)
VALUES
(
31, 'Vivamus tortor.', 38, 'kmacwhirter2', 'http://streamplat.com/lKm6ZyyBHTlw'
);

/* INSERT QUERY NO: 32 */
INSERT INTO messaggioinchat(codice, testo, minutoInvio, username, urlStream)
VALUES
(
32, 'Pellentesque eget nunc.', 32, 'jalwellf', 'http://streamplat.com/qIDfpBF'
);

/* INSERT QUERY NO: 33 */
INSERT INTO messaggioinchat(codice, testo, minutoInvio, username, urlStream)
VALUES
(
33, 'Curabitur in libero ut massa volutpat convallis.', 25, 'vpurtellg', 'http://streamplat.com/MMQhYo6uatO'
);

/* INSERT QUERY NO: 34 */
INSERT INTO messaggioinchat(codice, testo, minutoInvio, username, urlStream)
VALUES
(
34, 'In hac habitasse platea dictumst.', 51, 'hkendredh', 'http://streamplat.com/t7f21eR4dgz'
);

/* INSERT QUERY NO: 35 */
INSERT INTO messaggioinchat(codice, testo, minutoInvio, username, urlStream)
VALUES
(
35, '"Quisque erat eros', 1, 'hkendredh', 'http://streamplat.com/t7f21eR4dgz'
);

/* INSERT QUERY NO: 36 */
INSERT INTO messaggioinchat(codice, testo, minutoInvio, username, urlStream)
VALUES
(
36, 'In eleifend quam a odio.', 19, 'dblayd8', 'http://streamplat.com/hJrvT2R'
);

/* INSERT QUERY NO: 37 */
INSERT INTO messaggioinchat(codice, testo, minutoInvio, username, urlStream)
VALUES
(
37, 'Aenean sit amet justo.', 26, 'mdawley9', 'http://streamplat.com/7lkT8vogfS'
);

/* INSERT QUERY NO: 38 */
INSERT INTO messaggioinchat(codice, testo, minutoInvio, username, urlStream)
VALUES
(
38, '"Integer aliquet', 6, 'mdawley9', 'http://streamplat.com/7lkT8vogfS'
);

/* INSERT QUERY NO: 39 */
INSERT INTO messaggioinchat(codice, testo, minutoInvio, username, urlStream)
VALUES
(
39, 'Maecenas pulvinar lobortis est.', 43, 'scoringtond', 'http://streamplat.com/BGQXCF'
);

/* INSERT QUERY NO: 40 */
INSERT INTO messaggioinchat(codice, testo, minutoInvio, username, urlStream)
VALUES
(
40, 'Quisque ut erat.', 11, 'jdrummeri', 'http://streamplat.com/ZDPUgNFFfJ'
);

/* INSERT QUERY NO: 41 */
INSERT INTO messaggioinchat(codice, testo, minutoInvio, username, urlStream)
VALUES
(
41, 'In hac habitasse platea dictumst.', 18, 'kmacwhirter2', 'http://streamplat.com/Iu28n3M'
);

/* INSERT QUERY NO: 42 */
INSERT INTO messaggioinchat(codice, testo, minutoInvio, username, urlStream)
VALUES
(
42, 'Vivamus vel nulla eget eros elementum pellentesque.', 37, 'jalwellf', 'http://streamplat.com/UNrHjQkz'
);

/* INSERT QUERY NO: 43 */
INSERT INTO messaggioinchat(codice, testo, minutoInvio, username, urlStream)
VALUES
(
43, 'Duis mattis egestas metus.', 52, 'vpurtellg', 'http://streamplat.com/XqRMET'
);

/* INSERT QUERY NO: 44 */
INSERT INTO messaggioinchat(codice, testo, minutoInvio, username, urlStream)
VALUES
(
44, 'Sed accumsan felis.', 20, 'hkendredh', 'http://streamplat.com/BWsARtm'
);

/* INSERT QUERY NO: 45 */
INSERT INTO messaggioinchat(codice, testo, minutoInvio, username, urlStream)
VALUES
(
45, 'Fusce posuere felis sed lacus.', 42, 'sthatcham5', 'http://streamplat.com/wPUOlL8nscQo'
);

/* INSERT QUERY NO: 46 */
INSERT INTO messaggioinchat(codice, testo, minutoInvio, username, urlStream)
VALUES
(
46, 'Donec dapibus.', 30, 'dblayd8', 'http://streamplat.com/MRNSu9'
);

/* INSERT QUERY NO: 47 */
INSERT INTO messaggioinchat(codice, testo, minutoInvio, username, urlStream)
VALUES
(
47, 'Integer tincidunt ante vel ipsum.', 33, 'mdawley9', 'http://streamplat.com/Dc5o3b1S9'
);

/* INSERT QUERY NO: 48 */
INSERT INTO messaggioinchat(codice, testo, minutoInvio, username, urlStream)
VALUES
(
48, 'Integer a nibh.', 55, 'kmacwhirter2', 'http://streamplat.com/SF7yUGrD'
);

/* INSERT QUERY NO: 49 */
INSERT INTO messaggioinchat(codice, testo, minutoInvio, username, urlStream)
VALUES
(
49, 'Donec vitae nisi.', 53, 'scoringtond', 'http://streamplat.com/rSmYvXu'
);

/* INSERT QUERY NO: 50 */
INSERT INTO messaggioinchat(codice, testo, minutoInvio, username, urlStream)
VALUES
(
50, 'Vivamus vel nulla eget eros elementum pellentesque.', 58, 'jdrummeri', 'http://streamplat.com/KJMGT29zamVu'
);

/* INSERT QUERY NO: 51 */
INSERT INTO messaggioinchat(codice, testo, minutoInvio, username, urlStream)
VALUES
(
51, 'In eleifend quam a odio.', 49, 'sthatcham5', 'http://streamplat.com/lKm6ZyyBHTlw'
);

/* INSERT QUERY NO: 52 */
INSERT INTO messaggioinchat(codice, testo, minutoInvio, username, urlStream)
VALUES
(
52, 'Maecenas pulvinar lobortis est.', 10, 'mlacknere', 'http://streamplat.com/qIDfpBF'
);

/* INSERT QUERY NO: 53 */
INSERT INTO messaggioinchat(codice, testo, minutoInvio, username, urlStream)
VALUES
(
53, 'Praesent id massa id nisl venenatis lacinia.', 37, 'dblayd8', 'http://streamplat.com/MMQhYo6uatO'
);

/* INSERT QUERY NO: 54 */
INSERT INTO messaggioinchat(codice, testo, minutoInvio, username, urlStream)
VALUES
(
54, 'Donec ut dolor.', 52, 'mmeakec', 'http://streamplat.com/t7f21eR4dgz'
);

/* INSERT QUERY NO: 55 */
INSERT INTO messaggioinchat(codice, testo, minutoInvio, username, urlStream)
VALUES
(
55, 'Nulla tempus.', 32, 'rquinn6', 'http://streamplat.com/tD4KE5EoO'
);

/* INSERT QUERY NO: 56 */
INSERT INTO messaggioinchat(codice, testo, minutoInvio, username, urlStream)
VALUES
(
56, 'Nulla facilisi.', 2, 'rquinn6', 'http://streamplat.com/hJrvT2R'
);

/* INSERT QUERY NO: 57 */
INSERT INTO messaggioinchat(codice, testo, minutoInvio, username, urlStream)
VALUES
(
57, 'Nunc nisl.', 18, 'uaxelby0', 'http://streamplat.com/7lkT8vogfS'
);

/* INSERT QUERY NO: 58 */
INSERT INTO messaggioinchat(codice, testo, minutoInvio, username, urlStream)
VALUES
(
58, 'Nunc rhoncus dui vel sem.', 14, 'uaxelby0', 'http://streamplat.com/a0eXFbbRske5'
);

/* INSERT QUERY NO: 59 */
INSERT INTO messaggioinchat(codice, testo, minutoInvio, username, urlStream)
VALUES
(
59, 'Curabitur convallis.', 9, 'lredgrovea', 'http://streamplat.com/BGQXCF'
);

/* INSERT QUERY NO: 60 */
INSERT INTO messaggioinchat(codice, testo, minutoInvio, username, urlStream)
VALUES
(
60, 'Curabitur at ipsum ac tellus semper interdum.', 16, 'kmacwhirter2', 'http://streamplat.com/ZDPUgNFFfJ'
);

/* INSERT QUERY NO: 61 */
INSERT INTO messaggioinchat(codice, testo, minutoInvio, username, urlStream)
VALUES
(
61, 'Duis ac nibh.', 4, 'sthatcham5', 'http://streamplat.com/Iu28n3M'
);

/* INSERT QUERY NO: 62 */
INSERT INTO messaggioinchat(codice, testo, minutoInvio, username, urlStream)
VALUES
(
62, 'Donec posuere metus vitae ipsum.', 41, 'lredgrovea', 'http://streamplat.com/UNrHjQkz'
);

/* INSERT QUERY NO: 63 */
INSERT INTO messaggioinchat(codice, testo, minutoInvio, username, urlStream)
VALUES
(
63, 'Nulla ut erat id mauris vulputate elementum.', 1, 'jalwellf', 'http://streamplat.com/XqRMET'
);

/* INSERT QUERY NO: 64 */
INSERT INTO messaggioinchat(codice, testo, minutoInvio, username, urlStream)
VALUES
(
64, 'Cras pellentesque volutpat dui.', 22, 'sthatcham5', 'http://streamplat.com/BWsARtm'
);

/* INSERT QUERY NO: 65 */
INSERT INTO messaggioinchat(codice, testo, minutoInvio, username, urlStream)
VALUES
(
65, '"Maecenas tristique', 2, 'sthatcham5', 'http://streamplat.com/BWsARtm'
);

/* INSERT QUERY NO: 66 */
INSERT INTO messaggioinchat(codice, testo, minutoInvio, username, urlStream)
VALUES
(
66, 'Ut tellus.', 58, 'scoringtond', 'http://streamplat.com/MRNSu9'
);

/* INSERT QUERY NO: 67 */
INSERT INTO messaggioinchat(codice, testo, minutoInvio, username, urlStream)
VALUES
(
67, 'Vestibulum sed magna at nunc commodo placerat.', 46, 'vpurtellg', 'http://streamplat.com/Dc5o3b1S9'
);

/* INSERT QUERY NO: 68 */
INSERT INTO messaggioinchat(codice, testo, minutoInvio, username, urlStream)
VALUES
(
68, 'Vivamus tortor.', 21, 'mdawley9', 'http://streamplat.com/SF7yUGrD'
);

/* INSERT QUERY NO: 69 */
INSERT INTO messaggioinchat(codice, testo, minutoInvio, username, urlStream)
VALUES
(
69, '"Quisque arcu libero', 1, 'mdawley9', 'http://streamplat.com/SF7yUGrD'
);

/* INSERT QUERY NO: 70 */
INSERT INTO messaggioinchat(codice, testo, minutoInvio, username, urlStream)
VALUES
(
70, 'Sed sagittis.', 10, 'mgretham1', 'http://streamplat.com/KJMGT29zamVu'
);

/* INSERT QUERY NO: 71 */
INSERT INTO messaggioinchat(codice, testo, minutoInvio, username, urlStream)
VALUES
(
71, 'Vestibulum ante ipsum primis in faucibus orci luctus et ultrices posuere cubilia Curae; Mauris viverra diam vitae quam.', 5, 'sthatcham5', 'http://streamplat.com/lKm6ZyyBHTlw'
);

/* INSERT QUERY NO: 72 */
INSERT INTO messaggioinchat(codice, testo, minutoInvio, username, urlStream)
VALUES
(
72, '"Nam congue', 7, 'dblayd8', 'http://streamplat.com/MMQhYo6uatO'
);

/* INSERT QUERY NO: 73 */
INSERT INTO messaggioinchat(codice, testo, minutoInvio, username, urlStream)
VALUES
(
73, 'Aenean auctor gravida sem.', 57, 'dblayd8', 'http://streamplat.com/MMQhYo6uatO'
);

/* INSERT QUERY NO: 74 */
INSERT INTO messaggioinchat(codice, testo, minutoInvio, username, urlStream)
VALUES
(
74, 'Etiam pretium iaculis justo.', 45, 'mmeakec', 'http://streamplat.com/t7f21eR4dgz'
);

/* INSERT QUERY NO: 75 */
INSERT INTO messaggioinchat(codice, testo, minutoInvio, username, urlStream)
VALUES
(
75, 'Morbi non lectus.', 56, 'rquinn6', 'http://streamplat.com/tD4KE5EoO'
);

/* INSERT QUERY NO: 76 */
INSERT INTO messaggioinchat(codice, testo, minutoInvio, username, urlStream)
VALUES
(
76, 'Ut tellus.', 17, 'rquinn6', 'http://streamplat.com/hJrvT2R'
);

/* INSERT QUERY NO: 77 */
INSERT INTO messaggioinchat(codice, testo, minutoInvio, username, urlStream)
VALUES
(
77, 'Pellentesque ultrices mattis odio.', 35, 'uaxelby0', 'http://streamplat.com/7lkT8vogfS'
);

/* INSERT QUERY NO: 78 */
INSERT INTO messaggioinchat(codice, testo, minutoInvio, username, urlStream)
VALUES
(
78, 'Nulla mollis molestie lorem.', 55, 'uaxelby0', 'http://streamplat.com/a0eXFbbRske5'
);

/* INSERT QUERY NO: 79 */
INSERT INTO messaggioinchat(codice, testo, minutoInvio, username, urlStream)
VALUES
(
79, 'Duis bibendum.', 38, 'lredgrovea', 'http://streamplat.com/BGQXCF'
);

/* INSERT QUERY NO: 80 */
INSERT INTO messaggioinchat(codice, testo, minutoInvio, username, urlStream)
VALUES
(
80, 'Nam tristique tortor eu pede.', 1, 'kmacwhirter2', 'http://streamplat.com/ZDPUgNFFfJ'
);

/* INSERT QUERY NO: 81 */
INSERT INTO messaggioinchat(codice, testo, minutoInvio, username, urlStream)
VALUES
(
81, 'Proin eu mi.', 6, 'sthatcham5', 'http://streamplat.com/Iu28n3M'
);

/* INSERT QUERY NO: 82 */
INSERT INTO messaggioinchat(codice, testo, minutoInvio, username, urlStream)
VALUES
(
82, '"Cum sociis natoque penatibus et magnis dis parturient montes', 6, 'sthatcham5', 'http://streamplat.com/Iu28n3M'
);

/* INSERT QUERY NO: 83 */
INSERT INTO messaggioinchat(codice, testo, minutoInvio, username, urlStream)
VALUES
(
83, 'Nam dui.', 42, 'vpurtellg', 'http://streamplat.com/XqRMET'
);

/* INSERT QUERY NO: 84 */
INSERT INTO messaggioinchat(codice, testo, minutoInvio, username, urlStream)
VALUES
(
84, 'Nulla suscipit ligula in lacus.', 43, 'jalwellf', 'http://streamplat.com/BWsARtm'
);

/* INSERT QUERY NO: 85 */
INSERT INTO messaggioinchat(codice, testo, minutoInvio, username, urlStream)
VALUES
(
85, 'Etiam vel augue.', 43, 'vpurtellg', 'http://streamplat.com/wPUOlL8nscQo'
);

/* INSERT QUERY NO: 86 */
INSERT INTO messaggioinchat(codice, testo, minutoInvio, username, urlStream)
VALUES
(
86, 'Vivamus tortor.', 42, 'hkendredh', 'http://streamplat.com/MRNSu9'
);

/* INSERT QUERY NO: 87 */
INSERT INTO messaggioinchat(codice, testo, minutoInvio, username, urlStream)
VALUES
(
87, 'Vestibulum ante ipsum primis in faucibus orci luctus et ultrices posuere cubilia Curae; Duis faucibus accumsan odio.', 1, 'sthatcham5', 'http://streamplat.com/Dc5o3b1S9'
);

/* INSERT QUERY NO: 88 */
INSERT INTO messaggioinchat(codice, testo, minutoInvio, username, urlStream)
VALUES
(
88, 'Cras non velit nec nisi vulputate nonummy.', 46, 'dblayd8', 'http://streamplat.com/SF7yUGrD'
);

/* INSERT QUERY NO: 89 */
INSERT INTO messaggioinchat(codice, testo, minutoInvio, username, urlStream)
VALUES
(
89, '"Lorem ipsum dolor sit amet', 6, 'dblayd8', 'http://streamplat.com/SF7yUGrD'
);

/* INSERT QUERY NO: 90 */
INSERT INTO messaggioinchat(codice, testo, minutoInvio, username, urlStream)
VALUES
(
90, 'Morbi porttitor lorem id ligula.', 39, 'kmacwhirter2', 'http://streamplat.com/KJMGT29zamVu'
);

/* INSERT QUERY NO: 91 */
INSERT INTO messaggioinchat(codice, testo, minutoInvio, username, urlStream)
VALUES
(
91, '"Fusce congue', 9, 'kmacwhirter2', 'http://streamplat.com/KJMGT29zamVu'
);

/* INSERT QUERY NO: 92 */
INSERT INTO messaggioinchat(codice, testo, minutoInvio, username, urlStream)
VALUES
(
92, 'Praesent blandit lacinia erat.', 28, 'sthatcham5', 'http://streamplat.com/qIDfpBF'
);

/* INSERT QUERY NO: 93 */
INSERT INTO messaggioinchat(codice, testo, minutoInvio, username, urlStream)
VALUES
(
93, 'Donec quis orci eget orci vehicula condimentum.', 25, 'mlacknere', 'http://streamplat.com/MMQhYo6uatO'
);

/* INSERT QUERY NO: 94 */
INSERT INTO messaggioinchat(codice, testo, minutoInvio, username, urlStream)
VALUES
(
94, 'Nulla nisl.', 29, 'dblayd8', 'http://streamplat.com/t7f21eR4dgz'
);

/* INSERT QUERY NO: 95 */
INSERT INTO messaggioinchat(codice, testo, minutoInvio, username, urlStream)
VALUES
(
95, 'Integer a nibh.', 3, 'mmeakec', 'http://streamplat.com/tD4KE5EoO'
);

/* INSERT QUERY NO: 96 */
INSERT INTO messaggioinchat(codice, testo, minutoInvio, username, urlStream)
VALUES
(
96, '"Lorem ipsum dolor sit amet', 20, 'mmeakec', 'http://streamplat.com/tD4KE5EoO'
);

/* INSERT QUERY NO: 97 */
INSERT INTO messaggioinchat(codice, testo, minutoInvio, username, urlStream)
VALUES
(
97, 'Curabitur gravida nisi at nibh.', 17, 'rquinn6', 'http://streamplat.com/7lkT8vogfS'
);

/* INSERT QUERY NO: 98 */
INSERT INTO messaggioinchat(codice, testo, minutoInvio, username, urlStream)
VALUES
(
98, 'Curabitur convallis.', 37, 'uaxelby0', 'http://streamplat.com/a0eXFbbRske5'
);

/* INSERT QUERY NO: 99 */
INSERT INTO messaggioinchat(codice, testo, minutoInvio, username, urlStream)
VALUES
(
99, '"Maecenas leo odio', 7, 'uaxelby0', 'http://streamplat.com/a0eXFbbRske5'
);

/* INSERT QUERY NO: 100 */
INSERT INTO messaggioinchat(codice, testo, minutoInvio, username, urlStream)
VALUES
(
100, 'Nunc rhoncus dui vel sem.', 14, 'lredgrovea', 'http://streamplat.com/ZDPUgNFFfJ'
);









-- INSERIMENTI TABELLA CLIP
INSERT INTO clip(username, nome, durata, urlStream)
VALUES
(
'jalwellf', 'Quality-focused well-modulated extranet', 1, 'http://streamplat.com/MMQhYo6uatO'
);
INSERT INTO clip(username, nome, durata, urlStream)
VALUES
(
'bkelmereb', 'User-friendly tertiary matrix', 5, 'http://streamplat.com/XqRMET'
);
INSERT INTO clip(username, nome, durata, urlStream)
VALUES
(
'rquinn6', 'Object-based contextually-based knowledge user', 2, 'http://streamplat.com/UNrHjQkz'
);
INSERT INTO clip(username, nome, durata, urlStream)
VALUES
(
'lredgrovea', 'Monitored encompassing hierarchy', 1, 'http://streamplat.com/lKm6ZyyBHTlw'
);
INSERT INTO clip(username, nome, durata, urlStream)
VALUES
(
'jalwellf', 'Persevering client-server service-desk', 4, 'http://streamplat.com/qIDfpBF'
);
INSERT INTO clip(username, nome, durata, urlStream)
VALUES
(
'sthatcham5', 'Cross-group user-facing alliance', 3, 'http://streamplat.com/qIDfpBF'
);
INSERT INTO clip(username, nome, durata, urlStream)
VALUES
(
'jalwellf', 'Pre-emptive context-sensitive projection', 5, 'http://streamplat.com/BGQXCF'
);
INSERT INTO clip(username, nome, durata, urlStream)
VALUES
(
'scoringtond', 'Future-proofed system-worthy artificial intelligence', 3, 'http://streamplat.com/tD4KE5EoO'
);
INSERT INTO clip(username, nome, durata, urlStream)
VALUES
(
'vpurtellg', 'Focused uniform contingency', 1, 'http://streamplat.com/BWsARtm'
);
INSERT INTO clip(username, nome, durata, urlStream)
VALUES
(
'mdawley9', 'Realigned radical capability', 5, 'http://streamplat.com/hJrvT2R'
);
INSERT INTO clip(username, nome, durata, urlStream)
VALUES
(
'scoringtond', 'Universal system-worthy challenge', 2, 'http://streamplat.com/MRNSu9'
);
INSERT INTO clip(username, nome, durata, urlStream)
VALUES
(
'mgretham1', 'Operative asymmetric software', 1, 'http://streamplat.com/lKm6ZyyBHTlw'
);
INSERT INTO clip(username, nome, durata, urlStream)
VALUES
(
'sthatcham5', 'Cross-platform contextually-based architecture', 5, 'http://streamplat.com/SF7yUGrD'
);
INSERT INTO clip(username, nome, durata, urlStream)
VALUES
(
'mlacknere', 'Multi-layered empowering interface', 5, 'http://streamplat.com/wPUOlL8nscQo'
);
INSERT INTO clip(username, nome, durata, urlStream)
VALUES
(
'dblayd8', 'Pre-emptive zero defect capacity', 2, 'http://streamplat.com/BWsARtm'
);
INSERT INTO clip(username, nome, durata, urlStream)
VALUES
(
'mmeakec', 'Multi-tiered impactful protocol', 2, 'http://streamplat.com/XqRMET'
);
INSERT INTO clip(username, nome, durata, urlStream)
VALUES
(
'rquinn6', 'Assimilated value-added local area network', 2, 'http://streamplat.com/MRNSu9'
);
INSERT INTO clip(username, nome, durata, urlStream)
VALUES
(
'rquinn6', 'Reactive 4th generation system engine', 5, 'http://streamplat.com/a0eXFbbRske5'
);
INSERT INTO clip(username, nome, durata, urlStream)
VALUES
(
'uaxelby0', 'Switchable 5th generation software', 3, 'http://streamplat.com/Iu28n3M'
);
INSERT INTO clip(username, nome, durata, urlStream)
VALUES
(
'uaxelby0', 'Profound user-facing hub', 1, 'http://streamplat.com/XqRMET'
);
INSERT INTO clip(username, nome, durata, urlStream)
VALUES
(
'lredgrovea', 'Balanced transitional core', 3, 'http://streamplat.com/lKm6ZyyBHTlw'
);
INSERT INTO clip(username, nome, durata, urlStream)
VALUES
(
'kmacwhirter2', 'Versatile multi-state moderator', 5, 'http://streamplat.com/a0eXFbbRske5'
);
INSERT INTO clip(username, nome, durata, urlStream)
VALUES
(
'sthatcham5', 'Enhanced homogeneous service-desk', 4, 'http://streamplat.com/a0eXFbbRske5'
);
INSERT INTO clip(username, nome, durata, urlStream)
VALUES
(
'bjovovic4', 'Organic neutral contingency', 2, 'http://streamplat.com/wPUOlL8nscQo'
);
INSERT INTO clip(username, nome, durata, urlStream)
VALUES
(
'vpurtellg', 'Intuitive attitude-oriented definition', 2, 'http://streamplat.com/hJrvT2R'
);
INSERT INTO clip(username, nome, durata, urlStream)
VALUES
(
'jalwellf', 'Realigned secondary internet solution', 5, 'http://streamplat.com/BWsARtm'
);
INSERT INTO clip(username, nome, durata, urlStream)
VALUES
(
'hkendredh', 'Team-oriented incremental approach', 2, 'http://streamplat.com/Dc5o3b1S9'
);
INSERT INTO clip(username, nome, durata, urlStream)
VALUES
(
'lredgrovea', 'Organized context-sensitive structure', 2, 'http://streamplat.com/XqRMET'
);
INSERT INTO clip(username, nome, durata, urlStream)
VALUES
(
'rquinn6', 'Universal transitional focus group', 2, 'http://streamplat.com/qIDfpBF'
);
INSERT INTO clip(username, nome, durata, urlStream)
VALUES
(
'hkendredh', 'Multi-lateral 3rd generation local area network', 5, 'http://streamplat.com/SF7yUGrD'
);
INSERT INTO clip(username, nome, durata, urlStream)
VALUES
(
'kmacwhirter2', 'User-centric transitional collaboration', 3, 'http://streamplat.com/lKm6ZyyBHTlw'
);
INSERT INTO clip(username, nome, durata, urlStream)
VALUES
(
'jalwellf', 'Diverse composite workforce', 1, 'http://streamplat.com/t7f21eR4dgz'
);
INSERT INTO clip(username, nome, durata, urlStream)
VALUES
(
'vpurtellg', 'User-friendly mobile projection', 4, 'http://streamplat.com/wPUOlL8nscQo'
);
INSERT INTO clip(username, nome, durata, urlStream)
VALUES
(
'hkendredh', 'Balanced non-volatile middleware', 1, 'http://streamplat.com/lKm6ZyyBHTlw'
);
INSERT INTO clip(username, nome, durata, urlStream)
VALUES
(
'sthatcham5', 'Horizontal multi-state monitoring', 3, 'http://streamplat.com/wPUOlL8nscQo'
);
INSERT INTO clip(username, nome, durata, urlStream)
VALUES
(
'dblayd8', 'Advanced intermediate knowledge user', 4, 'http://streamplat.com/qIDfpBF'
);
INSERT INTO clip(username, nome, durata, urlStream)
VALUES
(
'mdawley9', 'Profound static standardization', 1, 'http://streamplat.com/tD4KE5EoO'
);
INSERT INTO clip(username, nome, durata, urlStream)
VALUES
(
'kmacwhirter2', 'Self-enabling needs-based definition', 4, 'http://streamplat.com/ZDPUgNFFfJ'
);
INSERT INTO clip(username, nome, durata, urlStream)
VALUES
(
'scoringtond', 'Diverse analyzing open architecture', 4, 'http://streamplat.com/t7f21eR4dgz'
);
INSERT INTO clip(username, nome, durata, urlStream)
VALUES
(
'jdrummeri', 'Sharable holistic contingency', 4, 'http://streamplat.com/XqRMET'
);



-- INSERT TABELLA PRODOTTO



INSERT INTO Prodotto(codice, nomeProdotto, nomeSponsor)
VALUES
(
1, 'isosorbide mononitrate', 'HP'
);
INSERT INTO Prodotto(codice, nomeProdotto, nomeSponsor)
VALUES
(
5, '"Butalbital', 'Razer'
);
INSERT INTO Prodotto(codice, nomeProdotto, nomeSponsor)
VALUES
(
9, 'Proctocream', 'HP'
);
INSERT INTO Prodotto(codice, nomeProdotto, nomeSponsor)
VALUES
(
13, 'PAROXETINE', 'Logitech'
);
INSERT INTO Prodotto(codice, nomeProdotto, nomeSponsor)
VALUES
(
17, 'ck one waterfresh face makeup spf 15', 'Amazon'
);
INSERT INTO Prodotto(codice, nomeProdotto, nomeSponsor)
VALUES
(
21, 'White Mulbery Pollen', 'HP'
);
INSERT INTO Prodotto(codice, nomeProdotto, nomeSponsor)
VALUES
(
25, 'Ribavirin', 'Amazon'
);
INSERT INTO Prodotto(codice, nomeProdotto, nomeSponsor)
VALUES
(
29, 'Premier Value', 'Logitech'
);


-- INSERIMENTO TABELLA SPONSORIZZA


INSERT INTO Sponsorizza(nomeSponsor, usernameStreamer, importo)
VALUES
(
'Razer', 'rquinn6', 1487
);
INSERT INTO Sponsorizza(nomeSponsor, usernameStreamer, importo)
VALUES
(
'Razer', 'mmeakec', 924
);
INSERT INTO Sponsorizza(nomeSponsor, usernameStreamer, importo)
VALUES
(
'Razer', 'gscownj', 89
);
INSERT INTO Sponsorizza(nomeSponsor, usernameStreamer, importo)
VALUES
(
'Razer', 'mlacknere', 1820
);
INSERT INTO Sponsorizza(nomeSponsor, usernameStreamer, importo)
VALUES
(
'HP', 'obrompton3', 1624
);
INSERT INTO Sponsorizza(nomeSponsor, usernameStreamer, importo)
VALUES
(
'Logitech', 'mlacknere', 762
);
INSERT INTO Sponsorizza(nomeSponsor, usernameStreamer, importo)
VALUES
(
'Amazon', 'gscownj', 411
);
INSERT INTO Sponsorizza(nomeSponsor, usernameStreamer, importo)
VALUES
(
'Amazon', 'jalwellf', 1250
);
INSERT INTO Sponsorizza(nomeSponsor, usernameStreamer, importo)
VALUES
(
'HP', 'mlacknere', 1170
);
INSERT INTO Sponsorizza(nomeSponsor, usernameStreamer, importo)
VALUES
(
'Razer', 'jdrummeri', 271
);
INSERT INTO Sponsorizza(nomeSponsor, usernameStreamer, importo)
VALUES
(
'HP', 'jdrummeri', 1341
);
INSERT INTO Sponsorizza(nomeSponsor, usernameStreamer, importo)
VALUES
(
'Razer', 'obrompton3', 1448
);
INSERT INTO Sponsorizza(nomeSponsor, usernameStreamer, importo)
VALUES
(
'HP', 'sthatcham5', 1627
);
INSERT INTO Sponsorizza(nomeSponsor, usernameStreamer, importo)
VALUES
(
'HP', 'gscownj', 246
);
INSERT INTO Sponsorizza(nomeSponsor, usernameStreamer, importo)
VALUES
(
'Amazon', 'scoringtond', 236
);
INSERT INTO Sponsorizza(nomeSponsor, usernameStreamer, importo)
VALUES
(
'Amazon', 'sthatcham5', 1838
);
INSERT INTO Sponsorizza(nomeSponsor, usernameStreamer, importo)
VALUES
(
'HP', 'mmeakec', 1626
);
INSERT INTO Sponsorizza(nomeSponsor, usernameStreamer, importo)
VALUES
(
'Amazon', 'mmeakec', 990
);
INSERT INTO Sponsorizza(nomeSponsor, usernameStreamer, importo)
VALUES
(
'Amazon', 'mlacknere', 898
);
INSERT INTO Sponsorizza(nomeSponsor, usernameStreamer, importo)
VALUES
(
'Logitech', 'mmeakec', 1528
);

-- INSERIMENTO TABELLA MODERATODA
/* INSERT QUERY NO: 1 */
INSERT INTO moderatoda(usernameModeratore, urlStream)
VALUES
(
'bestmod', 'http://streamplat.com/Iu28n3M'
);

/* INSERT QUERY NO: 2 */
INSERT INTO moderatoda(usernameModeratore, urlStream)
VALUES
(
'evenbettermod', 'http://streamplat.com/UNrHjQkz'
);

/* INSERT QUERY NO: 3 */
INSERT INTO moderatoda(usernameModeratore, urlStream)
VALUES
(
'bestmod', 'http://streamplat.com/XqRMET'
);

/* INSERT QUERY NO: 4 */
INSERT INTO moderatoda(usernameModeratore, urlStream)
VALUES
(
'evenbettermod', 'http://streamplat.com/BWsARtm'
);

/* INSERT QUERY NO: 5 */
INSERT INTO moderatoda(usernameModeratore, urlStream)
VALUES
(
'bestmod', 'http://streamplat.com/wPUOlL8nscQo'
);

/* INSERT QUERY NO: 6 */
INSERT INTO moderatoda(usernameModeratore, urlStream)
VALUES
(
'evenbettermod', 'http://streamplat.com/MRNSu9'
);

/* INSERT QUERY NO: 7 */
INSERT INTO moderatoda(usernameModeratore, urlStream)
VALUES
(
'bestmod', 'http://streamplat.com/Dc5o3b1S9'
);

/* INSERT QUERY NO: 8 */
INSERT INTO moderatoda(usernameModeratore, urlStream)
VALUES
(
'evenbettermod', 'http://streamplat.com/SF7yUGrD'
);

/* INSERT QUERY NO: 9 */
INSERT INTO moderatoda(usernameModeratore, urlStream)
VALUES
(
'bestmod', 'http://streamplat.com/rSmYvXu'
);

/* INSERT QUERY NO: 10 */
INSERT INTO moderatoda(usernameModeratore, urlStream)
VALUES
(
'evenbettermod', 'http://streamplat.com/KJMGT29zamVu'
);

/* INSERT QUERY NO: 11 */
INSERT INTO moderatoda(usernameModeratore, urlStream)
VALUES
(
'bestmod', 'http://streamplat.com/lKm6ZyyBHTlw'
);

/* INSERT QUERY NO: 12 */
INSERT INTO moderatoda(usernameModeratore, urlStream)
VALUES
(
'evenbettermod', 'http://streamplat.com/qIDfpBF'
);

/* INSERT QUERY NO: 13 */
INSERT INTO moderatoda(usernameModeratore, urlStream)
VALUES
(
'bestmod', 'http://streamplat.com/MMQhYo6uatO'
);

/* INSERT QUERY NO: 14 */
INSERT INTO moderatoda(usernameModeratore, urlStream)
VALUES
(
'evenbettermod', 'http://streamplat.com/t7f21eR4dgz'
);

/* INSERT QUERY NO: 15 */
INSERT INTO moderatoda(usernameModeratore, urlStream)
VALUES
(
'bestmod', 'http://streamplat.com/tD4KE5EoO'
);

/* INSERT QUERY NO: 16 */
INSERT INTO moderatoda(usernameModeratore, urlStream)
VALUES
(
'evenbettermod', 'http://streamplat.com/hJrvT2R'
);

/* INSERT QUERY NO: 17 */
INSERT INTO moderatoda(usernameModeratore, urlStream)
VALUES
(
'bestmod', 'http://streamplat.com/7lkT8vogfS'
);

/* INSERT QUERY NO: 18 */
INSERT INTO moderatoda(usernameModeratore, urlStream)
VALUES
(
'evenbettermod', 'http://streamplat.com/a0eXFbbRske5'
);

/* INSERT QUERY NO: 19 */
INSERT INTO moderatoda(usernameModeratore, urlStream)
VALUES
(
'bestmod', 'http://streamplat.com/BGQXCF'
);

/* INSERT QUERY NO: 20 */
INSERT INTO moderatoda(usernameModeratore, urlStream)
VALUES
(
'evenbettermod', 'http://streamplat.com/ZDPUgNFFfJ'
);


